CBG,City,High_Edu_Pop,Education_Level
484391013023,Arlington city,0,Lowest
484391013023,Arlington city,0,Lowest
484391064002,Arlington city,89,Lowest
484391064002,Arlington city,89,Lowest
484391065091,Arlington city,190,Low
484391065091,Arlington city,190,Low
484391065141,Arlington city,81,Lowest
484391065141,Arlington city,81,Lowest
484391113101,Arlington city,276,Medium
484391113102,Arlington city,471,High
484391113103,Arlington city,1121,Highest
484391113104,Arlington city,564,Highest
484391114021,Arlington city,238,Medium
484391114022,Arlington city,500,Highest
484391114023,Arlington city,517,Highest
484391114024,Arlington city,201,Medium
484391114041,Arlington city,424,High
484391114042,Arlington city,465,High
484391114044,Arlington city,236,Medium
484391114071,Arlington city,826,Highest
484391114072,Arlington city,264,Medium
484391114081,Arlington city,778,Highest
484391114091,Arlington city,1533,Highest
484391114092,Arlington city,554,Highest
484391115051,Arlington city,819,Highest
484391115052,Arlington city,424,High
484391115062,Arlington city,532,Highest
484391115063,Arlington city,279,Medium
484391115064,Arlington city,87,Lowest
484391115131,Arlington city,391,High
484391115132,Arlington city,355,High
484391115141,Arlington city,43,Lowest
484391115142,Arlington city,291,Medium
484391115143,Arlington city,152,Low
484391115144,Arlington city,190,Low
484391115161,Arlington city,491,Highest
484391115162,Arlington city,273,Medium
484391115163,Arlington city,439,High
484391115211,Arlington city,112,Lowest
484391115212,Arlington city,305,Medium
484391115213,Arlington city,363,High
484391115214,Arlington city,161,Low
484391115221,Arlington city,300,Medium
484391115222,Arlington city,185,Low
484391115223,Arlington city,9,Lowest
484391115224,Arlington city,118,Low
484391115225,Arlington city,21,Lowest
484391115231,Arlington city,166,Low
484391115232,Arlington city,247,Medium
484391115233,Arlington city,138,Low
484391115234,Arlington city,287,Medium
484391115241,Arlington city,218,Medium
484391115242,Arlington city,255,Medium
484391115243,Arlington city,268,Medium
484391115244,Arlington city,46,Lowest
484391115245,Arlington city,376,High
484391115251,Arlington city,204,Medium
484391115252,Arlington city,173,Low
484391115253,Arlington city,125,Low
484391115254,Arlington city,249,Medium
484391115261,Arlington city,130,Low
484391115262,Arlington city,385,High
484391115263,Arlington city,115,Low
484391115291,Arlington city,482,High
484391115292,Arlington city,568,Highest
484391115301,Arlington city,650,Highest
484391115302,Arlington city,892,Highest
484391115303,Arlington city,688,Highest
484391115311,Arlington city,107,Lowest
484391115312,Arlington city,298,Medium
484391115313,Arlington city,484,High
484391115314,Arlington city,275,Medium
484391115321,Arlington city,367,High
484391115322,Arlington city,305,Medium
484391115323,Arlington city,256,Medium
484391115324,Arlington city,961,Highest
484391115331,Arlington city,954,Highest
484391115332,Arlington city,773,Highest
484391115341,Arlington city,562,Highest
484391115342,Arlington city,319,High
484391115343,Arlington city,647,Highest
484391115381,Arlington city,589,Highest
484391115401,Arlington city,818,Highest
484391115402,Arlington city,330,High
484391115411,Arlington city,195,Low
484391115412,Arlington city,357,High
484391115421,Arlington city,175,Low
484391115422,Arlington city,1151,Highest
484391115431,Arlington city,265,Medium
484391115432,Arlington city,442,High
484391115441,Arlington city,253,Medium
484391115442,Arlington city,383,High
484391115443,Arlington city,213,Medium
484391115444,Arlington city,564,Highest
484391115452,Arlington city,488,Highest
484391115461,Arlington city,424,High
484391115462,Arlington city,344,High
484391115463,Arlington city,399,High
484391115464,Arlington city,475,High
484391115471,Arlington city,405,High
484391115472,Arlington city,1042,Highest
484391115473,Arlington city,268,Medium
484391115474,Arlington city,1127,Highest
484391115501,Arlington city,949,Highest
484391115502,Arlington city,1648,Highest
484391115521,Arlington city,248,Medium
484391115522,Arlington city,437,High
484391115523,Arlington city,329,High
484391115531,Arlington city,241,Medium
484391115532,Arlington city,382,High
484391115533,Arlington city,203,Medium
484391130021,Arlington city,10,Lowest
484391131021,Arlington city,708,Highest
484391131021,Arlington city,708,Highest
484391131022,Arlington city,797,Highest
484391131023,Arlington city,324,High
484391131041,Arlington city,86,Lowest
484391131042,Arlington city,317,High
484391131043,Arlington city,423,High
484391131071,Arlington city,371,High
484391131072,Arlington city,565,Highest
484391131081,Arlington city,457,High
484391131082,Arlington city,884,Highest
484391131082,Arlington city,884,Highest
484391131083,Arlington city,508,Highest
484391131091,Arlington city,295,Medium
484391131092,Arlington city,495,Highest
484391131093,Arlington city,215,Medium
484391131101,Arlington city,455,High
484391131102,Arlington city,288,Medium
484391131103,Arlington city,467,High
484391131111,Arlington city,176,Low
484391131112,Arlington city,172,Low
484391131113,Arlington city,187,Low
484391131114,Arlington city,29,Lowest
484391131121,Arlington city,283,Medium
484391131122,Arlington city,455,High
484391131141,Arlington city,620,Highest
484391131142,Arlington city,583,Highest
484391131143,Arlington city,474,High
484391131151,Arlington city,171,Low
484391131152,Arlington city,403,High
484391131161,Arlington city,468,High
484391131162,Arlington city,326,High
484391216011,Arlington city,430,High
484391216012,Arlington city,664,Highest
484391216013,Arlington city,168,Low
484391216014,Arlington city,379,High
484391216015,Arlington city,571,Highest
484391216041,Arlington city,174,Low
484391216042,Arlington city,321,High
484391216043,Arlington city,185,Low
484391216044,Arlington city,91,Lowest
484391216051,Arlington city,361,High
484391216052,Arlington city,42,Lowest
484391216053,Arlington city,303,Medium
484391216061,Arlington city,606,Highest
484391216062,Arlington city,228,Medium
484391216063,Arlington city,234,Medium
484391216081,Arlington city,266,Medium
484391216082,Arlington city,409,High
484391216083,Arlington city,410,High
484391216084,Arlington city,270,Medium
484391216091,Arlington city,801,Highest
484391216092,Arlington city,817,Highest
484391216093,Arlington city,594,Highest
484391216101,Arlington city,285,Medium
484391216102,Arlington city,501,Highest
484391216111,Arlington city,292,Medium
484391216112,Arlington city,259,Medium
484391216113,Arlington city,308,Medium
484391216114,Arlington city,178,Low
484391217021,Arlington city,159,Low
484391217022,Arlington city,192,Low
484391217031,Arlington city,194,Low
484391217032,Arlington city,75,Lowest
484391217033,Arlington city,84,Lowest
484391217041,Arlington city,100,Lowest
484391217042,Arlington city,167,Low
484391219031,Arlington city,31,Lowest
484391219032,Arlington city,212,Medium
484391219033,Arlington city,94,Lowest
484391219041,Arlington city,26,Lowest
484391219042,Arlington city,27,Lowest
484391219043,Arlington city,139,Low
484391219051,Arlington city,48,Lowest
484391219052,Arlington city,100,Lowest
484391219053,Arlington city,137,Low
484391219054,Arlington city,188,Low
484391219061,Arlington city,186,Low
484391219062,Arlington city,78,Lowest
484391220011,Arlington city,90,Lowest
484391220012,Arlington city,61,Lowest
484391220021,Arlington city,114,Low
484391220022,Arlington city,25,Lowest
484391220023,Arlington city,23,Lowest
484391220024,Arlington city,17,Lowest
484391221001,Arlington city,0,Lowest
484391221002,Arlington city,23,Lowest
484391221003,Arlington city,117,Low
484391221004,Arlington city,10,Lowest
484391221005,Arlington city,0,Lowest
484391222001,Arlington city,68,Lowest
484391222002,Arlington city,60,Lowest
484391223001,Arlington city,624,Highest
484391223002,Arlington city,38,Lowest
484391223003,Arlington city,159,Low
484391224001,Arlington city,403,High
484391224002,Arlington city,178,Low
484391224003,Arlington city,350,High
484391224004,Arlington city,307,Medium
484391224005,Arlington city,38,Lowest
484391225001,Arlington city,287,Medium
484391225002,Arlington city,308,Medium
484391225003,Arlington city,470,High
484391226001,Arlington city,320,High
484391226002,Arlington city,312,High
484391226003,Arlington city,372,High
484391227001,Arlington city,198,Low
484391227002,Arlington city,261,Medium
484391227003,Arlington city,280,Medium
484391227004,Arlington city,340,High
484391228011,Arlington city,155,Low
484391228012,Arlington city,169,Low
484391228013,Arlington city,27,Lowest
484391228021,Arlington city,107,Lowest
484391228022,Arlington city,252,Medium
484391228023,Arlington city,21,Lowest
484391228024,Arlington city,78,Lowest
484391229001,Arlington city,72,Lowest
484391229002,Arlington city,17,Lowest
484391229003,Arlington city,43,Lowest
484391229004,Arlington city,16,Lowest
484391229005,Arlington city,0,Lowest
484391229006,Arlington city,16,Lowest
484391229007,Arlington city,122,Low
515500200011,Chesapeake city,245,Medium
515500200021,Chesapeake city,175,Low
515500200022,Chesapeake city,219,Medium
515500200023,Chesapeake city,47,Lowest
515500200031,Chesapeake city,45,Lowest
515500200032,Chesapeake city,264,Medium
515500200033,Chesapeake city,117,Low
515500200034,Chesapeake city,142,Low
515500200035,Chesapeake city,139,Low
515500201001,Chesapeake city,252,Medium
515500201002,Chesapeake city,127,Low
515500201003,Chesapeake city,32,Lowest
515500202001,Chesapeake city,92,Lowest
515500202002,Chesapeake city,47,Lowest
515500202003,Chesapeake city,110,Lowest
515500202004,Chesapeake city,116,Low
515500203001,Chesapeake city,82,Lowest
515500203002,Chesapeake city,68,Lowest
515500204001,Chesapeake city,72,Lowest
515500204002,Chesapeake city,187,Low
515500204003,Chesapeake city,20,Lowest
515500205001,Chesapeake city,254,Medium
515500206001,Chesapeake city,205,Medium
515500206002,Chesapeake city,116,Low
515500206003,Chesapeake city,121,Low
515500206004,Chesapeake city,46,Lowest
515500207001,Chesapeake city,216,Medium
515500207002,Chesapeake city,378,High
515500208041,Chesapeake city,901,Highest
515500208042,Chesapeake city,1011,Highest
515500208043,Chesapeake city,749,Highest
515500208051,Chesapeake city,1212,Highest
515500208052,Chesapeake city,99,Lowest
515500208053,Chesapeake city,417,High
515500208061,Chesapeake city,1840,Highest
515500208062,Chesapeake city,560,Highest
515500208063,Chesapeake city,364,High
515500208071,Chesapeake city,188,Low
515500208072,Chesapeake city,593,Highest
515500208073,Chesapeake city,696,Highest
515500208074,Chesapeake city,533,Highest
515500208081,Chesapeake city,232,Medium
515500208082,Chesapeake city,507,Highest
515500208091,Chesapeake city,261,Medium
515500208092,Chesapeake city,277,Medium
515500208093,Chesapeake city,252,Medium
515500209031,Chesapeake city,486,High
515500209041,Chesapeake city,87,Lowest
515500209042,Chesapeake city,867,Highest
515500209043,Chesapeake city,866,Highest
515500209044,Chesapeake city,475,High
515500209051,Chesapeake city,263,Medium
515500209061,Chesapeake city,897,Highest
515500209062,Chesapeake city,429,High
515500209063,Chesapeake city,478,High
515500210041,Chesapeake city,1287,Highest
515500210042,Chesapeake city,339,High
515500210043,Chesapeake city,202,Medium
515500210044,Chesapeake city,52,Lowest
515500210051,Chesapeake city,978,Highest
515500210052,Chesapeake city,140,Low
515500210061,Chesapeake city,1325,Highest
515500210062,Chesapeake city,435,High
515500210063,Chesapeake city,460,High
515500210091,Chesapeake city,318,High
515500210092,Chesapeake city,797,Highest
515500210101,Chesapeake city,616,Highest
515500210102,Chesapeake city,240,Medium
515500210103,Chesapeake city,739,Highest
515500210111,Chesapeake city,662,Highest
515500210112,Chesapeake city,595,Highest
515500210121,Chesapeake city,361,High
515500210122,Chesapeake city,469,High
515500210123,Chesapeake city,517,Highest
515500210124,Chesapeake city,202,Medium
515500210131,Chesapeake city,681,Highest
515500210132,Chesapeake city,604,Highest
515500211011,Chesapeake city,632,Highest
515500211012,Chesapeake city,483,High
515500211013,Chesapeake city,447,High
515500211021,Chesapeake city,1069,Highest
515500211022,Chesapeake city,407,High
515500211023,Chesapeake city,152,Low
515500212001,Chesapeake city,572,Highest
515500212002,Chesapeake city,606,Highest
515500212003,Chesapeake city,153,Low
515500213011,Chesapeake city,259,Medium
515500213012,Chesapeake city,463,High
515500213013,Chesapeake city,1036,Highest
515500213021,Chesapeake city,490,Highest
515500213022,Chesapeake city,1104,Highest
515500213023,Chesapeake city,507,Highest
515500213024,Chesapeake city,499,Highest
515500214011,Chesapeake city,433,High
515500214021,Chesapeake city,248,Medium
515500214022,Chesapeake city,222,Medium
515500214023,Chesapeake city,357,High
515500214024,Chesapeake city,107,Lowest
515500214031,Chesapeake city,132,Low
515500214032,Chesapeake city,71,Lowest
515500214033,Chesapeake city,140,Low
515500214041,Chesapeake city,119,Low
515500214042,Chesapeake city,281,Medium
515500214043,Chesapeake city,217,Medium
515500214044,Chesapeake city,271,Medium
515500215011,Chesapeake city,235,Medium
515500215012,Chesapeake city,835,Highest
515500215013,Chesapeake city,680,Highest
515500215014,Chesapeake city,400,High
515500215021,Chesapeake city,364,High
515500215022,Chesapeake city,343,High
515500215023,Chesapeake city,418,High
515500215024,Chesapeake city,743,Highest
515500216011,Chesapeake city,518,Highest
515500216012,Chesapeake city,571,Highest
515500216013,Chesapeake city,414,High
515500216014,Chesapeake city,253,Medium
515500216015,Chesapeake city,526,Highest
515500216021,Chesapeake city,115,Low
515500216022,Chesapeake city,177,Low
515500216023,Chesapeake city,453,High
515500216024,Chesapeake city,419,High
517100001001,Norfolk city,174,Low
517100001002,Norfolk city,172,Low
517100002011,Norfolk city,339,High
517100002012,Norfolk city,320,High
517100002021,Norfolk city,166,Low
517100002022,Norfolk city,122,Low
517100002023,Norfolk city,98,Lowest
517100002024,Norfolk city,106,Lowest
517100003001,Norfolk city,431,High
517100003002,Norfolk city,188,Low
517100003003,Norfolk city,221,Medium
517100004001,Norfolk city,309,Medium
517100004002,Norfolk city,169,Low
517100004003,Norfolk city,323,High
517100005001,Norfolk city,150,Low
517100005002,Norfolk city,239,Medium
517100005003,Norfolk city,46,Lowest
517100005004,Norfolk city,45,Lowest
517100006001,Norfolk city,144,Low
517100006002,Norfolk city,226,Medium
517100006003,Norfolk city,264,Medium
517100007001,Norfolk city,147,Low
517100007002,Norfolk city,460,High
517100008001,Norfolk city,223,Medium
517100008002,Norfolk city,137,Low
517100009011,Norfolk city,402,High
517100009021,Norfolk city,1110,Highest
517100011001,Norfolk city,141,Low
517100011002,Norfolk city,21,Lowest
517100012001,Norfolk city,673,Highest
517100012002,Norfolk city,563,Highest
517100013001,Norfolk city,101,Lowest
517100013002,Norfolk city,225,Medium
517100014001,Norfolk city,169,Low
517100014002,Norfolk city,189,Low
517100014003,Norfolk city,268,Medium
517100015001,Norfolk city,262,Medium
517100015002,Norfolk city,328,High
517100016001,Norfolk city,169,Low
517100016002,Norfolk city,87,Lowest
517100017001,Norfolk city,293,Medium
517100017002,Norfolk city,282,Medium
517100020001,Norfolk city,389,High
517100021001,Norfolk city,477,High
517100022001,Norfolk city,539,Highest
517100022002,Norfolk city,273,Medium
517100023001,Norfolk city,557,Highest
517100023002,Norfolk city,405,High
517100024001,Norfolk city,657,Highest
517100024002,Norfolk city,408,High
517100024003,Norfolk city,279,Medium
517100025001,Norfolk city,110,Lowest
517100025002,Norfolk city,157,Low
517100026001,Norfolk city,448,High
517100026002,Norfolk city,37,Lowest
517100027001,Norfolk city,60,Lowest
517100027002,Norfolk city,39,Lowest
517100027003,Norfolk city,39,Lowest
517100028001,Norfolk city,282,Medium
517100028002,Norfolk city,204,Medium
517100028003,Norfolk city,382,High
517100028004,Norfolk city,535,Highest
517100029001,Norfolk city,15,Lowest
517100029002,Norfolk city,90,Lowest
517100029003,Norfolk city,98,Lowest
517100029004,Norfolk city,158,Low
517100030001,Norfolk city,232,Medium
517100030002,Norfolk city,284,Medium
517100031001,Norfolk city,107,Lowest
517100031002,Norfolk city,33,Lowest
517100031003,Norfolk city,167,Low
517100032001,Norfolk city,67,Lowest
517100032002,Norfolk city,122,Low
517100032003,Norfolk city,148,Low
517100033001,Norfolk city,172,Low
517100033002,Norfolk city,102,Lowest
517100034001,Norfolk city,122,Low
517100034002,Norfolk city,89,Lowest
517100035011,Norfolk city,10,Lowest
517100035012,Norfolk city,40,Lowest
517100035013,Norfolk city,117,Low
517100035014,Norfolk city,43,Lowest
517100036001,Norfolk city,846,Highest
517100037001,Norfolk city,448,High
517100037002,Norfolk city,658,Highest
517100038001,Norfolk city,115,Low
517100038002,Norfolk city,546,Highest
517100038003,Norfolk city,521,Highest
517100040011,Norfolk city,561,Highest
517100040021,Norfolk city,564,Highest
517100040022,Norfolk city,198,Low
517100040023,Norfolk city,496,Highest
517100040024,Norfolk city,229,Medium
517100041001,Norfolk city,39,Lowest
517100042001,Norfolk city,32,Lowest
517100042002,Norfolk city,15,Lowest
517100043001,Norfolk city,95,Lowest
517100043002,Norfolk city,74,Lowest
517100043003,Norfolk city,0,Lowest
517100043004,Norfolk city,39,Lowest
517100044001,Norfolk city,118,Low
517100044002,Norfolk city,167,Low
517100044003,Norfolk city,0,Lowest
517100045001,Norfolk city,233,Medium
517100046001,Norfolk city,58,Lowest
517100046002,Norfolk city,38,Lowest
517100047001,Norfolk city,18,Lowest
517100047002,Norfolk city,79,Lowest
517100048001,Norfolk city,13,Lowest
517100049001,Norfolk city,2206,Highest
517100049002,Norfolk city,5,Lowest
517100050001,Norfolk city,54,Lowest
517100050002,Norfolk city,121,Low
517100050003,Norfolk city,14,Lowest
517100051001,Norfolk city,158,Low
517100051002,Norfolk city,129,Low
517100051003,Norfolk city,17,Lowest
517100055001,Norfolk city,88,Lowest
517100055002,Norfolk city,36,Lowest
517100055003,Norfolk city,82,Lowest
517100056011,Norfolk city,107,Lowest
517100056012,Norfolk city,43,Lowest
517100056013,Norfolk city,193,Low
517100056014,Norfolk city,334,High
517100056021,Norfolk city,242,Medium
517100056022,Norfolk city,68,Lowest
517100056023,Norfolk city,125,Low
517100057011,Norfolk city,247,Medium
517100057012,Norfolk city,36,Lowest
517100057013,Norfolk city,127,Low
517100057021,Norfolk city,211,Medium
517100057022,Norfolk city,174,Low
517100058001,Norfolk city,58,Lowest
517100058002,Norfolk city,229,Medium
517100058003,Norfolk city,179,Low
517100059011,Norfolk city,84,Lowest
517100059012,Norfolk city,359,High
517100059013,Norfolk city,52,Lowest
517100059021,Norfolk city,218,Medium
517100059022,Norfolk city,70,Lowest
517100059023,Norfolk city,135,Low
517100059024,Norfolk city,129,Low
517100059031,Norfolk city,52,Lowest
517100059032,Norfolk city,49,Lowest
517100060001,Norfolk city,109,Lowest
517100060002,Norfolk city,112,Lowest
517100060003,Norfolk city,233,Medium
517100061001,Norfolk city,189,Low
517100061002,Norfolk city,263,Medium
517100061003,Norfolk city,77,Lowest
517100061004,Norfolk city,242,Medium
517100061005,Norfolk city,45,Lowest
517100062001,Norfolk city,217,Medium
517100062002,Norfolk city,199,Medium
517100064001,Norfolk city,299,Medium
517100064002,Norfolk city,128,Low
517100065011,Norfolk city,338,High
517100065012,Norfolk city,263,Medium
517100065021,Norfolk city,1007,Highest
517100065022,Norfolk city,128,Low
517100066011,Norfolk city,143,Low
517100066021,Norfolk city,68,Lowest
517100066022,Norfolk city,316,High
517100066031,Norfolk city,160,Low
517100066032,Norfolk city,135,Low
517100066041,Norfolk city,422,High
517100066051,Norfolk city,264,Medium
517100066052,Norfolk city,372,High
517100066061,Norfolk city,297,Medium
517100066062,Norfolk city,354,High
517100066063,Norfolk city,111,Lowest
517100066064,Norfolk city,170,Low
517100066071,Norfolk city,228,Medium
517100066072,Norfolk city,193,Low
517100066073,Norfolk city,32,Lowest
517100068001,Norfolk city,145,Low
517100068002,Norfolk city,184,Low
517100069011,Norfolk city,83,Lowest
517100069012,Norfolk city,154,Low
517100069013,Norfolk city,241,Medium
517100069021,Norfolk city,364,High
517100069022,Norfolk city,290,Medium
517100070011,Norfolk city,223,Medium
517100070021,Norfolk city,250,Medium
517100070022,Norfolk city,348,High
517109801001,Norfolk city,0,Lowest
517109802001,Norfolk city,0,Lowest
517109803001,Norfolk city,0,Lowest
517109900000,Norfolk city,0,Lowest
518100400001,Virginia Beach city,279,Medium
518100400002,Virginia Beach city,153,Low
518100402001,Virginia Beach city,166,Low
518100402002,Virginia Beach city,128,Low
518100402003,Virginia Beach city,128,Low
518100404021,Virginia Beach city,438,High
518100404022,Virginia Beach city,249,Medium
518100404023,Virginia Beach city,167,Low
518100404024,Virginia Beach city,188,Low
518100404031,Virginia Beach city,283,Medium
518100404032,Virginia Beach city,296,Medium
518100404033,Virginia Beach city,134,Low
518100404041,Virginia Beach city,1535,Highest
518100404042,Virginia Beach city,760,Highest
518100404043,Virginia Beach city,244,Medium
518100404044,Virginia Beach city,171,Low
518100406001,Virginia Beach city,328,High
518100406002,Virginia Beach city,432,High
518100406003,Virginia Beach city,246,Medium
518100408011,Virginia Beach city,50,Lowest
518100408012,Virginia Beach city,20,Lowest
518100408013,Virginia Beach city,125,Low
518100408014,Virginia Beach city,123,Low
518100408021,Virginia Beach city,76,Lowest
518100408022,Virginia Beach city,124,Low
518100408023,Virginia Beach city,451,High
518100408024,Virginia Beach city,109,Lowest
518100410021,Virginia Beach city,164,Low
518100410022,Virginia Beach city,58,Lowest
518100410031,Virginia Beach city,129,Low
518100410032,Virginia Beach city,118,Low
518100410033,Virginia Beach city,93,Lowest
518100410034,Virginia Beach city,35,Lowest
518100410041,Virginia Beach city,118,Low
518100410042,Virginia Beach city,69,Lowest
518100410043,Virginia Beach city,172,Low
518100410044,Virginia Beach city,136,Low
518100412001,Virginia Beach city,365,High
518100412002,Virginia Beach city,610,Highest
518100412003,Virginia Beach city,438,High
518100412004,Virginia Beach city,333,High
518100414001,Virginia Beach city,835,Highest
518100414002,Virginia Beach city,528,Highest
518100414003,Virginia Beach city,762,Highest
518100416001,Virginia Beach city,400,High
518100416002,Virginia Beach city,79,Lowest
518100416003,Virginia Beach city,357,High
518100416004,Virginia Beach city,218,Medium
518100418011,Virginia Beach city,725,Highest
518100418012,Virginia Beach city,463,High
518100418013,Virginia Beach city,58,Lowest
518100418021,Virginia Beach city,765,Highest
518100418022,Virginia Beach city,517,Highest
518100418023,Virginia Beach city,73,Lowest
518100418024,Virginia Beach city,731,Highest
518100420001,Virginia Beach city,546,Highest
518100420002,Virginia Beach city,410,High
518100420003,Virginia Beach city,457,High
518100422011,Virginia Beach city,372,High
518100422012,Virginia Beach city,675,Highest
518100422013,Virginia Beach city,226,Medium
518100422021,Virginia Beach city,322,High
518100422022,Virginia Beach city,454,High
518100422023,Virginia Beach city,198,Low
518100422024,Virginia Beach city,227,Medium
518100424001,Virginia Beach city,224,Medium
518100424002,Virginia Beach city,152,Low
518100424003,Virginia Beach city,143,Low
518100424004,Virginia Beach city,387,High
518100426001,Virginia Beach city,350,High
518100426002,Virginia Beach city,309,Medium
518100428011,Virginia Beach city,137,Low
518100428012,Virginia Beach city,83,Lowest
518100428013,Virginia Beach city,182,Low
518100428014,Virginia Beach city,164,Low
518100428015,Virginia Beach city,142,Low
518100428021,Virginia Beach city,231,Medium
518100428022,Virginia Beach city,413,High
518100428023,Virginia Beach city,143,Low
518100430021,Virginia Beach city,792,Highest
518100430022,Virginia Beach city,760,Highest
518100430031,Virginia Beach city,516,Highest
518100430032,Virginia Beach city,1173,Highest
518100430033,Virginia Beach city,374,High
518100430041,Virginia Beach city,1067,Highest
518100430042,Virginia Beach city,510,Highest
518100432001,Virginia Beach city,183,Low
518100434001,Virginia Beach city,423,High
518100434002,Virginia Beach city,826,Highest
518100436001,Virginia Beach city,405,High
518100436002,Virginia Beach city,529,Highest
518100438001,Virginia Beach city,372,High
518100438002,Virginia Beach city,408,High
518100438003,Virginia Beach city,574,Highest
518100438004,Virginia Beach city,538,Highest
518100440011,Virginia Beach city,247,Medium
518100440012,Virginia Beach city,518,Highest
518100440013,Virginia Beach city,189,Low
518100440014,Virginia Beach city,244,Medium
518100440031,Virginia Beach city,229,Medium
518100440032,Virginia Beach city,604,Highest
518100440033,Virginia Beach city,539,Highest
518100440034,Virginia Beach city,310,Medium
518100440035,Virginia Beach city,490,Highest
518100440041,Virginia Beach city,236,Medium
518100440042,Virginia Beach city,331,High
518100442001,Virginia Beach city,427,High
518100442002,Virginia Beach city,53,Lowest
518100442003,Virginia Beach city,465,High
518100442004,Virginia Beach city,169,Low
518100444011,Virginia Beach city,332,High
518100444012,Virginia Beach city,796,Highest
518100444013,Virginia Beach city,343,High
518100444021,Virginia Beach city,640,Highest
518100444022,Virginia Beach city,270,Medium
518100444023,Virginia Beach city,539,Highest
518100444024,Virginia Beach city,217,Medium
518100446001,Virginia Beach city,727,Highest
518100446002,Virginia Beach city,566,Highest
518100446003,Virginia Beach city,292,Medium
518100446004,Virginia Beach city,544,Highest
518100448051,Virginia Beach city,136,Low
518100448052,Virginia Beach city,340,High
518100448061,Virginia Beach city,268,Medium
518100448062,Virginia Beach city,155,Low
518100448063,Virginia Beach city,55,Lowest
518100448071,Virginia Beach city,218,Medium
518100448072,Virginia Beach city,274,Medium
518100448073,Virginia Beach city,111,Lowest
518100448074,Virginia Beach city,263,Medium
518100448081,Virginia Beach city,434,High
518100448082,Virginia Beach city,147,Low
518100448083,Virginia Beach city,379,High
518100450001,Virginia Beach city,173,Low
518100452001,Virginia Beach city,0,Lowest
518100452002,Virginia Beach city,280,Medium
518100452003,Virginia Beach city,50,Lowest
518100454051,Virginia Beach city,167,Low
518100454052,Virginia Beach city,154,Low
518100454053,Virginia Beach city,125,Low
518100454054,Virginia Beach city,180,Low
518100454055,Virginia Beach city,66,Lowest
518100454061,Virginia Beach city,145,Low
518100454062,Virginia Beach city,28,Lowest
518100454063,Virginia Beach city,434,High
518100454064,Virginia Beach city,484,High
518100454065,Virginia Beach city,471,High
518100454071,Virginia Beach city,325,High
518100454072,Virginia Beach city,69,Lowest
518100454073,Virginia Beach city,199,Medium
518100454074,Virginia Beach city,112,Lowest
518100454081,Virginia Beach city,196,Low
518100454082,Virginia Beach city,67,Lowest
518100454083,Virginia Beach city,51,Lowest
518100454084,Virginia Beach city,685,Highest
518100454121,Virginia Beach city,527,Highest
518100454141,Virginia Beach city,111,Lowest
518100454142,Virginia Beach city,52,Lowest
518100454143,Virginia Beach city,131,Low
518100454144,Virginia Beach city,202,Medium
518100454151,Virginia Beach city,177,Low
518100454152,Virginia Beach city,112,Lowest
518100454171,Virginia Beach city,301,Medium
518100454172,Virginia Beach city,605,Highest
518100454173,Virginia Beach city,252,Medium
518100454174,Virginia Beach city,1171,Highest
518100454201,Virginia Beach city,717,Highest
518100454202,Virginia Beach city,354,High
518100454203,Virginia Beach city,693,Highest
518100454211,Virginia Beach city,461,High
518100454212,Virginia Beach city,505,Highest
518100454221,Virginia Beach city,726,Highest
518100454222,Virginia Beach city,478,High
518100454231,Virginia Beach city,447,High
518100454232,Virginia Beach city,227,Medium
518100454233,Virginia Beach city,1253,Highest
518100454241,Virginia Beach city,554,Highest
518100454242,Virginia Beach city,1556,Highest
518100454251,Virginia Beach city,536,Highest
518100454252,Virginia Beach city,234,Medium
518100454261,Virginia Beach city,402,High
518100454262,Virginia Beach city,449,High
518100454263,Virginia Beach city,965,Highest
518100454271,Virginia Beach city,154,Low
518100454272,Virginia Beach city,256,Medium
518100454273,Virginia Beach city,402,High
518100454274,Virginia Beach city,274,Medium
518100454281,Virginia Beach city,434,High
518100456011,Virginia Beach city,310,Medium
518100456012,Virginia Beach city,461,High
518100456031,Virginia Beach city,105,Lowest
518100456032,Virginia Beach city,516,Highest
518100456041,Virginia Beach city,126,Low
518100456042,Virginia Beach city,539,Highest
518100456043,Virginia Beach city,891,Highest
518100458011,Virginia Beach city,368,High
518100458012,Virginia Beach city,176,Low
518100458013,Virginia Beach city,111,Lowest
518100458031,Virginia Beach city,163,Low
518100458032,Virginia Beach city,606,Highest
518100458051,Virginia Beach city,304,Medium
518100458061,Virginia Beach city,198,Low
518100458062,Virginia Beach city,195,Low
518100458063,Virginia Beach city,125,Low
518100458071,Virginia Beach city,391,High
518100458081,Virginia Beach city,445,High
518100458082,Virginia Beach city,83,Lowest
518100458091,Virginia Beach city,102,Lowest
518100458092,Virginia Beach city,88,Lowest
518100458093,Virginia Beach city,481,High
518100458094,Virginia Beach city,135,Low
518100458101,Virginia Beach city,210,Medium
518100460021,Virginia Beach city,541,Highest
518100460022,Virginia Beach city,648,Highest
518100460023,Virginia Beach city,126,Low
518100460024,Virginia Beach city,233,Medium
518100460051,Virginia Beach city,656,Highest
518100460052,Virginia Beach city,371,High
518100460053,Virginia Beach city,621,Highest
518100460054,Virginia Beach city,203,Medium
518100460061,Virginia Beach city,181,Low
518100460062,Virginia Beach city,366,High
518100460063,Virginia Beach city,294,Medium
518100460064,Virginia Beach city,300,Medium
518100460091,Virginia Beach city,270,Medium
518100460092,Virginia Beach city,307,Medium
518100460093,Virginia Beach city,200,Medium
518100460094,Virginia Beach city,390,High
518100460101,Virginia Beach city,47,Lowest
518100460102,Virginia Beach city,361,High
518100460111,Virginia Beach city,323,High
518100460121,Virginia Beach city,944,Highest
518100460122,Virginia Beach city,294,Medium
518100460123,Virginia Beach city,143,Low
518100460124,Virginia Beach city,146,Low
518100460131,Virginia Beach city,437,High
518100460132,Virginia Beach city,311,Medium
518100460133,Virginia Beach city,78,Lowest
518100460141,Virginia Beach city,560,Highest
518100460142,Virginia Beach city,163,Low
518100460143,Virginia Beach city,540,Highest
518100460151,Virginia Beach city,270,Medium
518100460152,Virginia Beach city,322,High
518100460153,Virginia Beach city,157,Low
518100460154,Virginia Beach city,122,Low
518100460161,Virginia Beach city,1288,Highest
518100462041,Virginia Beach city,558,Highest
518100462042,Virginia Beach city,382,High
518100462061,Virginia Beach city,94,Lowest
518100462062,Virginia Beach city,738,Highest
518100462063,Virginia Beach city,422,High
518100462064,Virginia Beach city,121,Low
518100462071,Virginia Beach city,918,Highest
518100462072,Virginia Beach city,286,Medium
518100462073,Virginia Beach city,526,Highest
518100462111,Virginia Beach city,232,Medium
518100462112,Virginia Beach city,298,Medium
518100462113,Virginia Beach city,170,Low
518100462114,Virginia Beach city,157,Low
518100462121,Virginia Beach city,803,Highest
518100462122,Virginia Beach city,191,Low
518100462123,Virginia Beach city,343,High
518100462131,Virginia Beach city,358,High
518100462132,Virginia Beach city,80,Lowest
518100462133,Virginia Beach city,543,Highest
518100462134,Virginia Beach city,257,Medium
518100462141,Virginia Beach city,422,High
518100462142,Virginia Beach city,210,Medium
518100462143,Virginia Beach city,283,Medium
518100462144,Virginia Beach city,356,High
518100462161,Virginia Beach city,492,Highest
518100462162,Virginia Beach city,467,High
518100462163,Virginia Beach city,550,Highest
518100462171,Virginia Beach city,362,High
518100462172,Virginia Beach city,1222,Highest
518100462191,Virginia Beach city,509,Highest
518100462192,Virginia Beach city,404,High
518100462201,Virginia Beach city,401,High
518100462202,Virginia Beach city,283,Medium
518100462203,Virginia Beach city,171,Low
518100462211,Virginia Beach city,180,Low
518100462212,Virginia Beach city,110,Lowest
518100462213,Virginia Beach city,219,Medium
518100462221,Virginia Beach city,295,Medium
518100462222,Virginia Beach city,191,Low
518100462223,Virginia Beach city,266,Medium
518100462224,Virginia Beach city,338,High
518100462225,Virginia Beach city,130,Low
518100462231,Virginia Beach city,338,High
518100462232,Virginia Beach city,167,Low
518100462233,Virginia Beach city,260,Medium
518100462241,Virginia Beach city,306,Medium
518100462242,Virginia Beach city,382,High
518100462243,Virginia Beach city,202,Medium
518100462251,Virginia Beach city,345,High
518100462252,Virginia Beach city,156,Low
518100462253,Virginia Beach city,346,High
518100464001,Virginia Beach city,206,Medium
518100464002,Virginia Beach city,206,Medium
518100464003,Virginia Beach city,184,Low
518100464004,Virginia Beach city,73,Lowest
518109901000,Virginia Beach city,0,Lowest
